-- phpMyAdmin SQL Dump
-- version 4.9.5
-- https://www.phpmyadmin.net/
--
-- Host: localhost:3306
-- Generation Time: Mar 20, 2022 at 01:27 PM
-- Server version: 10.5.12-MariaDB
-- PHP Version: 7.3.32

SET SQL_MODE = "NO_AUTO_VALUE_ON_ZERO";
SET AUTOCOMMIT = 0;
START TRANSACTION;
SET time_zone = "+00:00";


/*!40101 SET @OLD_CHARACTER_SET_CLIENT=@@CHARACTER_SET_CLIENT */;
/*!40101 SET @OLD_CHARACTER_SET_RESULTS=@@CHARACTER_SET_RESULTS */;
/*!40101 SET @OLD_COLLATION_CONNECTION=@@COLLATION_CONNECTION */;
/*!40101 SET NAMES utf8mb4 */;

--
-- Database: `id18593302_datve`
--

-- --------------------------------------------------------

--
-- Table structure for table `chuyen_di`
--

CREATE TABLE `chuyen_di` (
  `macd` int(10) UNSIGNED NOT NULL,
  `bienso` varchar(255) CHARACTER SET utf8 COLLATE utf8_unicode_ci NOT NULL,
  `tuyenduong` varchar(255) COLLATE utf8mb4_unicode_ci NOT NULL,
  `ngaydi` datetime NOT NULL,
  `ngayden` datetime DEFAULT NULL,
  `diemdi` varchar(255) CHARACTER SET utf8 COLLATE utf8_unicode_ci DEFAULT NULL,
  `diemden` varchar(255) CHARACTER SET utf8 COLLATE utf8_unicode_ci DEFAULT NULL,
  `tongtien` varchar(255) COLLATE utf8mb4_unicode_ci NOT NULL
) ENGINE=InnoDB DEFAULT CHARSET=utf8mb4 COLLATE=utf8mb4_unicode_ci;

--
-- Dumping data for table `chuyen_di`
--

INSERT INTO `chuyen_di` (`macd`, `bienso`, `tuyenduong`, `ngaydi`, `ngayden`, `diemdi`, `diemden`, `tongtien`) VALUES
(35, '47B-207-45', 'Hồ Chí Minh - Hà Nội', '2022-05-25 06:00:00', '2022-05-26 23:00:00', 'Bến xe Miền Đông', 'Bến xe Nước Ngầm', '900000'),
(36, '30B-517-75', 'Hà Nội - Hồ Chí Minh', '2022-06-28 04:00:00', '2022-06-29 22:00:00', 'Bến Xe Mỹ Đình', 'Bến xe An Sương', '900000'),
(37, '51B-273-01', 'Hồ Chí Minh - Hà Nội', '2022-04-26 04:00:00', '2022-04-27 23:00:00', 'Bến xe An Sương', 'Bến xe Giáp Bát', '900000'),
(38, '47B-545-445', 'Hồ Chí Minh - Bà Rịa-Vũng Tàu', '2022-03-30 06:00:00', '2022-03-30 08:00:00', 'Bến xe Miền Đông', 'Vũng Tàu', '120000'),
(39, '51B-415-54', 'Hồ Chí Minh - Bà Rịa-Vũng Tàu', '2022-03-30 06:00:00', '2022-03-30 08:00:00', 'Bến xe An Sương', 'Vũng Tàu', '120000'),
(40, '51B-415-54', 'Hồ Chí Minh - Bà Rịa-Vũng Tàu', '2022-04-28 08:00:00', '2022-04-28 13:00:00', 'Bến Xe Miền Tây', 'Vũng Tàu', '120000'),
(41, '51B-24-45', 'Hồ Chí Minh - Hà Nội', '2022-04-01 10:00:00', '2022-04-02 20:00:00', 'Bến xe Miền Đông', 'Bến xe Giáp Bát', '900000'),
(42, '51B-273-49', 'Hà Nội - Hồ Chí Minh', '2022-05-23 13:00:00', '2022-05-25 06:00:00', 'Bến xe Giáp Bát', 'Bến xe Miền Đông', '900000'),
(43, '47B-277-65', 'Hà Nội - Thanh Hóa', '2022-06-20 07:00:00', '2022-06-20 07:00:00', 'Bến xe Nước Ngầm', NULL, '200000'),
(44, '51B-24-45', 'Thừa Thiên Huế - Hà Nội', '2022-07-15 07:00:00', '2022-07-16 08:00:00', 'Thừa Thiên Huế', 'Bến Xe Mỹ Đình', '700000'),
(45, '51B-273-14', 'Trà Vinh - Hồ Chí Minh', '2022-06-15 15:00:00', '2022-06-15 20:00:00', 'Trà Vinh', 'Bến Xe Miền Tây', '450000'),
(46, '47B-277-05', 'Hà Nội - Hồ Chí Minh', '2022-05-30 17:00:00', '2022-05-31 20:00:00', 'Bến xe Nước Ngầm', 'Bến xe An Sương', '900000'),
(47, '51B-51-51', 'Hồ Chí Minh - Hà Nội', '2022-04-12 07:00:00', '2022-04-14 10:00:00', 'Bến Xe Miền Tây', 'Bến xe Giáp Bát', '900000'),
(48, '47B-207-45', 'Tuyên Quang - Hồ Chí Minh', '2022-10-30 17:00:00', '2022-11-02 07:00:00', NULL, 'Bến xe An Sương', '700000'),
(49, '51B-51-51', 'Hà Nội - Hồ Chí Minh', '2022-10-07 07:00:00', '2022-10-08 12:00:00', 'Bến xe Giáp Bát', 'Bến xe An Sương', '900000'),
(50, '47B-207-45', 'Hồ Chí Minh - Hà Nội', '2022-04-25 06:00:00', '2022-04-26 23:00:00', 'Bến xe Miền Đông', 'Bến xe Nước Ngầm', '900000'),
(51, '30B-517-75', 'Hà Nội - Hồ Chí Minh', '2022-03-28 04:00:00', '0000-03-30 00:00:00', 'Bến Xe Mỹ Đình', 'Bến xe An Sương', '900000'),
(52, '51B-273-01', 'Hồ Chí Minh - Hà Nội', '2022-04-26 04:00:00', NULL, 'Bến xe An Sương', 'Bến xe Giáp Bát', '900000'),
(53, '47B-545-445', 'Hồ Chí Minh - Bà Rịa-Vũng Tàu', '2022-06-10 00:00:00', '2022-06-10 01:00:00', 'Bến xe Miền Đông', 'Vũng Tàu', '120000'),
(54, '51B-415-54', 'Hồ Chí Minh - Bà Rịa-Vũng Tàu', '0000-00-00 00:00:00', '0000-00-00 00:00:00', 'Bến xe An Sương', 'Vũng Tàu', '120000'),
(55, '51B-415-54', 'Hồ Chí Minh - Bà Rịa-Vũng Tàu', '2022-03-28 08:00:00', '2022-03-28 13:00:00', 'Bến Xe Miền Tây', 'Vũng Tàu', '120000'),
(56, '51B-24-45', 'Hồ Chí Minh - Hà Nội', '2022-02-21 10:00:00', '2022-02-21 20:00:00', 'Bến xe Miền Đông', 'Bến xe Giáp Bát', '900000'),
(57, '51B-273-49', 'Hà Nội - Hồ Chí Minh', '2022-02-23 13:00:00', '2022-02-25 06:00:00', 'Bến xe Giáp Bát', 'Bến xe Miền Đông', '900000'),
(58, '47B-277-65', 'Hà Nội - Thanh Hóa', '2022-02-20 07:00:00', '2022-02-20 07:00:00', 'Bến xe Nước Ngầm', NULL, '200000'),
(59, '51B-24-45', 'Thừa Thiên Huế - Hà Nội', '2022-02-15 07:00:00', '2022-02-16 08:00:00', 'Thừa Thiên Huế', 'Bến Xe Mỹ Đình', '700000'),
(60, '51B-273-14', 'Trà Vinh - Hồ Chí Minh', '2022-02-15 15:00:00', '2022-02-15 20:00:00', 'Trà Vinh', 'Bến Xe Miền Tây', '450000'),
(61, '47B-277-05', 'Hà Nội - Hồ Chí Minh', '0000-00-00 00:00:00', '0000-00-00 00:00:00', 'Bến xe Nước Ngầm', 'Bến xe An Sương', '900000'),
(62, '51B-51-51', 'Hồ Chí Minh - Hà Nội', '2022-02-12 07:00:00', '2022-02-14 10:00:00', 'Bến Xe Miền Tây', 'Bến xe Giáp Bát', '900000'),
(63, '47B-207-45', 'Tuyên Quang - Hồ Chí Minh', '2022-01-30 17:00:00', '2022-02-02 07:00:00', NULL, 'Bến xe An Sương', '700000'),
(64, '51B-51-51', 'Hà Nội - Hồ Chí Minh', '2022-02-07 07:00:00', '2022-02-08 12:00:00', 'Bến xe Giáp Bát', 'Bến xe An Sương', '900000');

-- --------------------------------------------------------

--
-- Table structure for table `ct_ghe`
--

CREATE TABLE `ct_ghe` (
  `mact` int(11) NOT NULL,
  `bienso` varchar(255) COLLATE utf8_unicode_ci NOT NULL,
  `maghe` int(11) NOT NULL,
  `tenghe` varchar(50) COLLATE utf8_unicode_ci NOT NULL
) ENGINE=InnoDB DEFAULT CHARSET=utf8 COLLATE=utf8_unicode_ci;

--
-- Dumping data for table `ct_ghe`
--

INSERT INTO `ct_ghe` (`mact`, `bienso`, `maghe`, `tenghe`) VALUES
(1, '51B-273-49', 1, 'A-1-1'),
(2, '51B-273-49', 2, 'A-2-1'),
(3, '51B-273-49', 3, 'A-3-1'),
(4, '51B-273-49', 4, 'A-4-1'),
(5, '51B-273-49', 5, 'A-5-1'),
(6, '51B-273-49', 6, 'A-6-1'),
(7, '51B-273-49', 7, 'A-7-1'),
(8, '51B-273-49', 13, 'B-1-1'),
(9, '51B-273-49', 14, 'B-2-1'),
(10, '51B-273-49', 15, 'B-3-1'),
(11, '51B-273-49', 16, 'B-4-1'),
(12, '51B-273-49', 17, 'B-5-1'),
(13, '51B-273-49', 18, 'B-6-1'),
(14, '51B-273-49', 19, 'B-7-1'),
(15, '51B-273-49', 20, 'B-8-1'),
(16, '51B-273-49', 65, 'C-1-1'),
(17, '51B-273-49', 23, 'D-1-1'),
(18, '51B-273-49', 24, 'D-2-1'),
(19, '51B-273-49', 25, 'D-3-1'),
(20, '51B-273-49', 26, 'D-4-1'),
(21, '51B-273-49', 27, 'D-5-1'),
(22, '51B-273-49', 28, 'D-6-1'),
(23, '51B-273-49', 29, 'D-7-1'),
(24, '51B-273-49', 65, 'D-1-1'),
(25, '51B-273-49', 1, 'A-1-2'),
(26, '51B-273-49', 2, 'A-2-2'),
(27, '51B-273-49', 3, 'A-3-2'),
(28, '51B-273-49', 4, 'A-4-2'),
(29, '51B-273-49', 5, 'A-5-2'),
(30, '51B-273-49', 6, 'A-6-2'),
(31, '51B-273-49', 7, 'A-7-2'),
(32, '51B-273-49', 13, 'B-1-2'),
(33, '51B-273-49', 14, 'B-2-2'),
(34, '51B-273-49', 15, 'B-3-2'),
(35, '51B-273-49', 16, 'B-4-2'),
(36, '51B-273-49', 17, 'B-5-2'),
(37, '51B-273-49', 18, 'B-6-2'),
(38, '51B-273-49', 19, 'B-7-2'),
(39, '51B-273-49', 20, 'B-8-2'),
(40, '51B-273-49', 65, 'C-1-2'),
(41, '51B-273-49', 23, 'D-1-2'),
(42, '51B-273-49', 24, 'D-2-2'),
(43, '51B-273-49', 25, 'D-3-2'),
(44, '51B-273-49', 26, 'D-4-2'),
(45, '51B-273-49', 27, 'D-5-2'),
(46, '51B-273-49', 28, 'D-6-2'),
(47, '51B-273-49', 29, 'D-7-2'),
(48, '51B-273-49', 65, 'D-1-2'),
(49, '51B-273-01', 1, 'A-1-1'),
(50, '51B-273-01', 2, 'A-2-1'),
(51, '51B-273-01', 3, 'A-3-1'),
(52, '51B-273-01', 4, 'A-4-1'),
(53, '51B-273-01', 5, 'A-5-1'),
(54, '51B-273-01', 6, 'A-6-1'),
(55, '51B-273-01', 7, 'A-7-1'),
(56, '51B-273-01', 13, 'B-1-1'),
(57, '51B-273-01', 14, 'B-2-1'),
(58, '51B-273-01', 15, 'B-3-1'),
(59, '51B-273-01', 16, 'B-4-1'),
(60, '51B-273-01', 17, 'B-5-1'),
(61, '51B-273-01', 18, 'B-6-1'),
(62, '51B-273-01', 19, 'B-7-1'),
(63, '51B-273-01', 20, 'B-8-1'),
(64, '51B-273-01', 65, 'C-1-1'),
(65, '51B-273-01', 23, 'D-1-1'),
(66, '51B-273-01', 24, 'D-2-1'),
(67, '51B-273-01', 25, 'D-3-1'),
(68, '51B-273-01', 26, 'D-4-1'),
(69, '51B-273-01', 27, 'D-5-1'),
(70, '51B-273-01', 28, 'D-6-1'),
(71, '51B-273-01', 29, 'D-7-1'),
(72, '51B-273-01', 65, 'D-1-1'),
(73, '51B-273-01', 1, 'A-1-2'),
(74, '51B-273-01', 2, 'A-2-2'),
(75, '51B-273-01', 3, 'A-3-2'),
(76, '51B-273-01', 4, 'A-4-2'),
(77, '51B-273-01', 5, 'A-5-2'),
(78, '51B-273-01', 6, 'A-6-2'),
(79, '51B-273-01', 7, 'A-7-2'),
(80, '51B-273-01', 13, 'B-1-2'),
(81, '51B-273-01', 14, 'B-2-2'),
(82, '51B-273-01', 15, 'B-3-2'),
(83, '51B-273-01', 16, 'B-4-2'),
(84, '51B-273-01', 17, 'B-5-2'),
(85, '51B-273-01', 18, 'B-6-2'),
(86, '51B-273-01', 19, 'B-7-2'),
(87, '51B-273-01', 20, 'B-8-2'),
(88, '51B-273-01', 65, 'C-1-2'),
(89, '51B-273-01', 23, 'D-1-2'),
(90, '51B-273-01', 24, 'D-2-2'),
(91, '51B-273-01', 25, 'D-3-2'),
(92, '51B-273-01', 26, 'D-4-2'),
(93, '51B-273-01', 27, 'D-5-2'),
(94, '51B-273-01', 28, 'D-6-2'),
(95, '51B-273-01', 29, 'D-7-2'),
(96, '51B-273-01', 65, 'D-1-2'),
(97, '10B-10-10', 1, 'A-1-1'),
(98, '10B-10-10', 2, 'A-2-1'),
(99, '10B-10-10', 3, 'A-3-1'),
(100, '10B-10-10', 4, 'A-4-1'),
(101, '10B-10-10', 5, 'A-5-1'),
(102, '10B-10-10', 6, 'A-6-1'),
(103, '10B-10-10', 7, 'A-7-1'),
(104, '10B-10-10', 13, 'B-1-1'),
(105, '10B-10-10', 14, 'B-2-1'),
(106, '10B-10-10', 15, 'B-3-1'),
(107, '10B-10-10', 16, 'B-4-1'),
(108, '10B-10-10', 17, 'B-5-1'),
(109, '10B-10-10', 18, 'B-6-1'),
(110, '10B-10-10', 19, 'B-7-1'),
(111, '10B-10-10', 20, 'B-8-1'),
(112, '10B-10-10', 65, 'C-1-1'),
(113, '10B-10-10', 23, 'D-1-1'),
(114, '10B-10-10', 24, 'D-2-1'),
(115, '10B-10-10', 25, 'D-3-1'),
(116, '10B-10-10', 26, 'D-4-1'),
(117, '10B-10-10', 27, 'D-5-1'),
(118, '10B-10-10', 28, 'D-6-1'),
(119, '10B-10-10', 29, 'D-7-1'),
(120, '10B-10-10', 65, 'D-1-1'),
(121, '10B-10-10', 1, 'A-1-2'),
(122, '10B-10-10', 2, 'A-2-2'),
(123, '10B-10-10', 3, 'A-3-2'),
(124, '10B-10-10', 4, 'A-4-2'),
(125, '10B-10-10', 5, 'A-5-2'),
(126, '10B-10-10', 6, 'A-6-2'),
(127, '10B-10-10', 7, 'A-7-2'),
(128, '10B-10-10', 13, 'B-1-2'),
(129, '10B-10-10', 14, 'B-2-2'),
(130, '10B-10-10', 15, 'B-3-2'),
(131, '10B-10-10', 16, 'B-4-2'),
(132, '10B-10-10', 17, 'B-5-2'),
(133, '10B-10-10', 18, 'B-6-2'),
(134, '10B-10-10', 19, 'B-7-2'),
(135, '10B-10-10', 20, 'B-8-2'),
(136, '10B-10-10', 65, 'C-1-2'),
(137, '10B-10-10', 23, 'D-1-2'),
(138, '10B-10-10', 24, 'D-2-2'),
(139, '10B-10-10', 25, 'D-3-2'),
(140, '10B-10-10', 26, 'D-4-2'),
(141, '10B-10-10', 27, 'D-5-2'),
(142, '10B-10-10', 28, 'D-6-2'),
(143, '10B-10-10', 29, 'D-7-2'),
(144, '10B-10-10', 65, 'D-1-2'),
(145, '30B-277-05', 1, 'A-1-1'),
(146, '30B-277-05', 2, 'A-2-1'),
(147, '30B-277-05', 3, 'A-3-1'),
(148, '30B-277-05', 4, 'A-4-1'),
(149, '30B-277-05', 5, 'A-5-1'),
(150, '30B-277-05', 6, 'A-6-1'),
(151, '30B-277-05', 7, 'A-7-1'),
(152, '30B-277-05', 13, 'B-1-1'),
(153, '30B-277-05', 14, 'B-2-1'),
(154, '30B-277-05', 15, 'B-3-1'),
(155, '30B-277-05', 16, 'B-4-1'),
(156, '30B-277-05', 17, 'B-5-1'),
(157, '30B-277-05', 18, 'B-6-1'),
(158, '30B-277-05', 19, 'B-7-1'),
(159, '30B-277-05', 20, 'B-8-1'),
(160, '30B-277-05', 65, 'C-1-1'),
(161, '30B-277-05', 23, 'D-1-1'),
(162, '30B-277-05', 24, 'D-2-1'),
(163, '30B-277-05', 25, 'D-3-1'),
(164, '30B-277-05', 26, 'D-4-1'),
(165, '30B-277-05', 27, 'D-5-1'),
(166, '30B-277-05', 28, 'D-6-1'),
(167, '30B-277-05', 29, 'D-7-1'),
(168, '30B-277-05', 65, 'D-1-1'),
(169, '30B-277-05', 1, 'A-1-2'),
(170, '30B-277-05', 2, 'A-2-2'),
(171, '30B-277-05', 3, 'A-3-2'),
(172, '30B-277-05', 4, 'A-4-2'),
(173, '30B-277-05', 5, 'A-5-2'),
(174, '30B-277-05', 6, 'A-6-2'),
(175, '30B-277-05', 7, 'A-7-2'),
(176, '30B-277-05', 13, 'B-1-2'),
(177, '30B-277-05', 14, 'B-2-2'),
(178, '30B-277-05', 15, 'B-3-2'),
(179, '30B-277-05', 16, 'B-4-2'),
(180, '30B-277-05', 17, 'B-5-2'),
(181, '30B-277-05', 18, 'B-6-2'),
(182, '30B-277-05', 19, 'B-7-2'),
(183, '30B-277-05', 20, 'B-8-2'),
(184, '30B-277-05', 65, 'C-1-2'),
(185, '30B-277-05', 23, 'D-1-2'),
(186, '30B-277-05', 24, 'D-2-2'),
(187, '30B-277-05', 25, 'D-3-2'),
(188, '30B-277-05', 26, 'D-4-2'),
(189, '30B-277-05', 27, 'D-5-2'),
(190, '30B-277-05', 28, 'D-6-2'),
(191, '30B-277-05', 29, 'D-7-2'),
(192, '30B-277-05', 65, 'D-1-2'),
(193, '51B-415-54', 1, 'A-1-1'),
(194, '51B-415-54', 2, 'A-2-1'),
(195, '51B-415-54', 3, 'A-3-1'),
(196, '51B-415-54', 4, 'A-4-1'),
(197, '51B-415-54', 5, 'A-5-1'),
(198, '51B-415-54', 13, 'B-1-1'),
(199, '51B-415-54', 14, 'B-2-1'),
(200, '51B-415-54', 15, 'B-3-1'),
(201, '51B-415-54', 16, 'B-4-1'),
(202, '51B-415-54', 17, 'B-5-1'),
(203, '51B-415-54', 65, 'C-1-1'),
(204, '51B-415-54', 23, 'D-1-1'),
(205, '51B-415-54', 24, 'D-2-1'),
(206, '51B-415-54', 25, 'D-3-1'),
(207, '51B-415-54', 26, 'D-4-1'),
(208, '51B-415-54', 27, 'D-5-1'),
(209, '47B-545-445', 1, 'A-1-1'),
(210, '47B-545-445', 2, 'A-2-1'),
(211, '47B-545-445', 3, 'A-3-1'),
(212, '47B-545-445', 4, 'A-4-1'),
(213, '47B-545-445', 5, 'A-5-1'),
(214, '47B-545-445', 13, 'B-1-1'),
(215, '47B-545-445', 14, 'B-2-1'),
(216, '47B-545-445', 15, 'B-3-1'),
(217, '47B-545-445', 16, 'B-4-1'),
(218, '47B-545-445', 17, 'B-5-1'),
(219, '47B-545-445', 65, 'C-1-1'),
(220, '47B-545-445', 23, 'D-1-1'),
(221, '47B-545-445', 24, 'D-2-1'),
(222, '47B-545-445', 25, 'D-3-1'),
(223, '47B-545-445', 26, 'D-4-1'),
(224, '47B-545-445', 27, 'D-5-1'),
(225, '51B-51-51', 1, 'A-1-1'),
(226, '51B-51-51', 2, 'A-2-1'),
(227, '51B-51-51', 3, 'A-3-1'),
(228, '51B-51-51', 4, 'A-4-1'),
(229, '51B-51-51', 5, 'A-5-1'),
(230, '51B-51-51', 6, 'A-6-1'),
(231, '51B-51-51', 7, 'A-7-1'),
(232, '51B-51-51', 13, 'B-1-1'),
(233, '51B-51-51', 14, 'B-2-1'),
(234, '51B-51-51', 15, 'B-3-1'),
(235, '51B-51-51', 16, 'B-4-1'),
(236, '51B-51-51', 17, 'B-5-1'),
(237, '51B-51-51', 18, 'B-6-1'),
(238, '51B-51-51', 19, 'B-7-1'),
(239, '51B-51-51', 20, 'B-8-1'),
(240, '51B-51-51', 65, 'C-1-1'),
(241, '51B-51-51', 23, 'D-1-1'),
(242, '51B-51-51', 24, 'D-2-1'),
(243, '51B-51-51', 25, 'D-3-1'),
(244, '51B-51-51', 26, 'D-4-1'),
(245, '51B-51-51', 27, 'D-5-1'),
(246, '51B-51-51', 28, 'D-6-1'),
(247, '51B-51-51', 29, 'D-7-1'),
(248, '51B-51-51', 65, 'D-1-1'),
(249, '51B-51-51', 1, 'A-1-2'),
(250, '51B-51-51', 2, 'A-2-2'),
(251, '51B-51-51', 3, 'A-3-2'),
(252, '51B-51-51', 4, 'A-4-2'),
(253, '51B-51-51', 5, 'A-5-2'),
(254, '51B-51-51', 6, 'A-6-2'),
(255, '51B-51-51', 7, 'A-7-2'),
(256, '51B-51-51', 13, 'B-1-2'),
(257, '51B-51-51', 14, 'B-2-2'),
(258, '51B-51-51', 15, 'B-3-2'),
(259, '51B-51-51', 16, 'B-4-2'),
(260, '51B-51-51', 17, 'B-5-2'),
(261, '51B-51-51', 18, 'B-6-2'),
(262, '51B-51-51', 19, 'B-7-2'),
(263, '51B-51-51', 20, 'B-8-2'),
(264, '51B-51-51', 65, 'C-1-2'),
(265, '51B-51-51', 23, 'D-1-2'),
(266, '51B-51-51', 24, 'D-2-2'),
(267, '51B-51-51', 25, 'D-3-2'),
(268, '51B-51-51', 26, 'D-4-2'),
(269, '51B-51-51', 27, 'D-5-2'),
(270, '51B-51-51', 28, 'D-6-2'),
(271, '51B-51-51', 29, 'D-7-2'),
(272, '51B-51-51', 65, 'D-1-2'),
(273, '47B-167-440', 1, 'A-1-1'),
(274, '47B-167-440', 2, 'A-2-1'),
(275, '47B-167-440', 3, 'A-3-1'),
(276, '47B-167-440', 4, 'A-4-1'),
(277, '47B-167-440', 5, 'A-5-1'),
(278, '47B-167-440', 6, 'A-6-1'),
(279, '47B-167-440', 7, 'A-7-1'),
(280, '47B-167-440', 13, 'B-1-1'),
(281, '47B-167-440', 14, 'B-2-1'),
(282, '47B-167-440', 15, 'B-3-1'),
(283, '47B-167-440', 16, 'B-4-1'),
(284, '47B-167-440', 17, 'B-5-1'),
(285, '47B-167-440', 18, 'B-6-1'),
(286, '47B-167-440', 19, 'B-7-1'),
(287, '47B-167-440', 20, 'B-8-1'),
(288, '47B-167-440', 65, 'C-1-1'),
(289, '47B-167-440', 23, 'D-1-1'),
(290, '47B-167-440', 24, 'D-2-1'),
(291, '47B-167-440', 25, 'D-3-1'),
(292, '47B-167-440', 26, 'D-4-1'),
(293, '47B-167-440', 27, 'D-5-1'),
(294, '47B-167-440', 28, 'D-6-1'),
(295, '47B-167-440', 29, 'D-7-1'),
(296, '47B-167-440', 65, 'D-1-1'),
(297, '47B-167-440', 1, 'A-1-2'),
(298, '47B-167-440', 2, 'A-2-2'),
(299, '47B-167-440', 3, 'A-3-2'),
(300, '47B-167-440', 4, 'A-4-2'),
(301, '47B-167-440', 5, 'A-5-2'),
(302, '47B-167-440', 6, 'A-6-2'),
(303, '47B-167-440', 7, 'A-7-2'),
(304, '47B-167-440', 13, 'B-1-2'),
(305, '47B-167-440', 14, 'B-2-2'),
(306, '47B-167-440', 15, 'B-3-2'),
(307, '47B-167-440', 16, 'B-4-2'),
(308, '47B-167-440', 17, 'B-5-2'),
(309, '47B-167-440', 18, 'B-6-2'),
(310, '47B-167-440', 19, 'B-7-2'),
(311, '47B-167-440', 20, 'B-8-2'),
(312, '47B-167-440', 65, 'C-1-2'),
(313, '47B-167-440', 23, 'D-1-2'),
(314, '47B-167-440', 24, 'D-2-2'),
(315, '47B-167-440', 25, 'D-3-2'),
(316, '47B-167-440', 26, 'D-4-2'),
(317, '47B-167-440', 27, 'D-5-2'),
(318, '47B-167-440', 28, 'D-6-2'),
(319, '47B-167-440', 29, 'D-7-2'),
(320, '47B-167-440', 65, 'D-1-2'),
(321, '23B-23-23', 1, 'A-1-1'),
(322, '23B-23-23', 2, 'A-2-1'),
(323, '23B-23-23', 3, 'A-3-1'),
(324, '23B-23-23', 4, 'A-4-1'),
(325, '23B-23-23', 5, 'A-5-1'),
(326, '23B-23-23', 13, 'B-1-1'),
(327, '23B-23-23', 14, 'B-2-1'),
(328, '23B-23-23', 15, 'B-3-1'),
(329, '23B-23-23', 16, 'B-4-1'),
(330, '23B-23-23', 17, 'B-5-1'),
(331, '23B-23-23', 65, 'C-1-1'),
(332, '23B-23-23', 23, 'D-1-1'),
(333, '23B-23-23', 24, 'D-2-1'),
(334, '23B-23-23', 25, 'D-3-1'),
(335, '23B-23-23', 26, 'D-4-1'),
(336, '23B-23-23', 27, 'D-5-1'),
(337, '47B-207-45', 1, 'A-1-1'),
(338, '47B-207-45', 2, 'A-2-1'),
(339, '47B-207-45', 3, 'A-3-1'),
(340, '47B-207-45', 4, 'A-4-1'),
(341, '47B-207-45', 5, 'A-5-1'),
(342, '47B-207-45', 6, 'A-6-1'),
(343, '47B-207-45', 7, 'A-7-1'),
(344, '47B-207-45', 13, 'B-1-1'),
(345, '47B-207-45', 14, 'B-2-1'),
(346, '47B-207-45', 15, 'B-3-1'),
(347, '47B-207-45', 16, 'B-4-1'),
(348, '47B-207-45', 17, 'B-5-1'),
(349, '47B-207-45', 18, 'B-6-1'),
(350, '47B-207-45', 19, 'B-7-1'),
(351, '47B-207-45', 20, 'B-8-1'),
(352, '47B-207-45', 65, 'C-1-1'),
(353, '47B-207-45', 23, 'D-1-1'),
(354, '47B-207-45', 24, 'D-2-1'),
(355, '47B-207-45', 25, 'D-3-1'),
(356, '47B-207-45', 26, 'D-4-1'),
(357, '47B-207-45', 27, 'D-5-1'),
(358, '47B-207-45', 28, 'D-6-1'),
(359, '47B-207-45', 29, 'D-7-1'),
(360, '47B-207-45', 65, 'D-1-1'),
(361, '47B-207-45', 1, 'A-1-2'),
(362, '47B-207-45', 2, 'A-2-2'),
(363, '47B-207-45', 3, 'A-3-2'),
(364, '47B-207-45', 4, 'A-4-2'),
(365, '47B-207-45', 5, 'A-5-2'),
(366, '47B-207-45', 6, 'A-6-2'),
(367, '47B-207-45', 7, 'A-7-2'),
(368, '47B-207-45', 13, 'B-1-2'),
(369, '47B-207-45', 14, 'B-2-2'),
(370, '47B-207-45', 15, 'B-3-2'),
(371, '47B-207-45', 16, 'B-4-2'),
(372, '47B-207-45', 17, 'B-5-2'),
(373, '47B-207-45', 18, 'B-6-2'),
(374, '47B-207-45', 19, 'B-7-2'),
(375, '47B-207-45', 20, 'B-8-2'),
(376, '47B-207-45', 65, 'C-1-2'),
(377, '47B-207-45', 23, 'D-1-2'),
(378, '47B-207-45', 24, 'D-2-2'),
(379, '47B-207-45', 25, 'D-3-2'),
(380, '47B-207-45', 26, 'D-4-2'),
(381, '47B-207-45', 27, 'D-5-2'),
(382, '47B-207-45', 28, 'D-6-2'),
(383, '47B-207-45', 29, 'D-7-2'),
(384, '47B-207-45', 65, 'D-1-2'),
(385, '47B-277-05', 1, 'A-1-1'),
(386, '47B-277-05', 2, 'A-2-1'),
(387, '47B-277-05', 3, 'A-3-1'),
(388, '47B-277-05', 4, 'A-4-1'),
(389, '47B-277-05', 5, 'A-5-1'),
(390, '47B-277-05', 6, 'A-6-1'),
(391, '47B-277-05', 7, 'A-7-1'),
(392, '47B-277-05', 13, 'B-1-1'),
(393, '47B-277-05', 14, 'B-2-1'),
(394, '47B-277-05', 15, 'B-3-1'),
(395, '47B-277-05', 16, 'B-4-1'),
(396, '47B-277-05', 17, 'B-5-1'),
(397, '47B-277-05', 18, 'B-6-1'),
(398, '47B-277-05', 19, 'B-7-1'),
(399, '47B-277-05', 20, 'B-8-1'),
(400, '47B-277-05', 65, 'C-1-1'),
(401, '47B-277-05', 23, 'D-1-1'),
(402, '47B-277-05', 24, 'D-2-1'),
(403, '47B-277-05', 25, 'D-3-1'),
(404, '47B-277-05', 26, 'D-4-1'),
(405, '47B-277-05', 27, 'D-5-1'),
(406, '47B-277-05', 28, 'D-6-1'),
(407, '47B-277-05', 29, 'D-7-1'),
(408, '47B-277-05', 65, 'D-1-1'),
(409, '47B-277-05', 1, 'A-1-2'),
(410, '47B-277-05', 2, 'A-2-2'),
(411, '47B-277-05', 3, 'A-3-2'),
(412, '47B-277-05', 4, 'A-4-2'),
(413, '47B-277-05', 5, 'A-5-2'),
(414, '47B-277-05', 6, 'A-6-2'),
(415, '47B-277-05', 7, 'A-7-2'),
(416, '47B-277-05', 13, 'B-1-2'),
(417, '47B-277-05', 14, 'B-2-2'),
(418, '47B-277-05', 15, 'B-3-2'),
(419, '47B-277-05', 16, 'B-4-2'),
(420, '47B-277-05', 17, 'B-5-2'),
(421, '47B-277-05', 18, 'B-6-2'),
(422, '47B-277-05', 19, 'B-7-2'),
(423, '47B-277-05', 20, 'B-8-2'),
(424, '47B-277-05', 65, 'C-1-2'),
(425, '47B-277-05', 23, 'D-1-2'),
(426, '47B-277-05', 24, 'D-2-2'),
(427, '47B-277-05', 25, 'D-3-2'),
(428, '47B-277-05', 26, 'D-4-2'),
(429, '47B-277-05', 27, 'D-5-2'),
(430, '47B-277-05', 28, 'D-6-2'),
(431, '47B-277-05', 29, 'D-7-2'),
(432, '47B-277-05', 65, 'D-1-2');

-- --------------------------------------------------------

--
-- Table structure for table `datghe`
--

CREATE TABLE `datghe` (
  `madat` int(11) NOT NULL,
  `bienso` varchar(255) COLLATE utf8_unicode_ci NOT NULL,
  `maghe` varchar(11) COLLATE utf8_unicode_ci NOT NULL,
  `macd` int(11) NOT NULL,
  `tinhtrang` int(11) NOT NULL
) ENGINE=InnoDB DEFAULT CHARSET=utf8 COLLATE=utf8_unicode_ci;

--
-- Dumping data for table `datghe`
--

INSERT INTO `datghe` (`madat`, `bienso`, `maghe`, `macd`, `tinhtrang`) VALUES
(1, '51B-273-01', 'A-1-1', 27, 1),
(2, '51B-273-01', 'A-2-1', 27, 1),
(3, '51B-273-01', 'A-3-1', 27, 0),
(4, '51B-273-01', 'A-4-1', 27, 0),
(5, '51B-273-01', 'A-5-1', 27, 0),
(6, '51B-273-01', 'A-6-1', 27, 0),
(7, '51B-273-01', 'A-7-1', 27, 0),
(8, '51B-273-01', 'B-1-1', 27, 0),
(9, '51B-273-01', 'B-2-1', 27, 0),
(10, '51B-273-01', 'B-3-1', 27, 0),
(11, '51B-273-01', 'B-4-1', 27, 0),
(12, '51B-273-01', 'B-5-1', 27, 0),
(13, '51B-273-01', 'B-6-1', 27, 0),
(14, '51B-273-01', 'B-7-1', 27, 0),
(15, '51B-273-01', 'D-8-1', 27, 0),
(16, '51B-273-01', 'C-1-1', 27, 0),
(17, '51B-273-01', 'D-1-1', 27, 0),
(18, '51B-273-01', 'D-2-1', 27, 0),
(19, '51B-273-01', 'D-3-1', 27, 0),
(20, '51B-273-01', 'D-4-1', 27, 0),
(21, '51B-273-01', 'D-5-1', 27, 0),
(22, '51B-273-01', 'D-6-1', 27, 0),
(23, '51B-273-01', 'D-7-1', 27, 0),
(24, '51B-273-01', 'A-1-2', 27, 0),
(25, '51B-273-01', 'A-2-2', 27, 0),
(26, '51B-273-01', 'A-3-2', 27, 0),
(27, '51B-273-01', 'A-4-2', 27, 0),
(28, '51B-273-01', 'A-5-2', 27, 0),
(29, '51B-273-01', 'A-6-2', 27, 0),
(30, '51B-273-01', 'A-7-2', 27, 0),
(31, '51B-273-01', 'B-1-2', 27, 0),
(32, '51B-273-01', 'B-2-2', 27, 0),
(33, '51B-273-01', 'B-3-2', 27, 0),
(34, '51B-273-01', 'B-4-2', 27, 0),
(35, '51B-273-01', 'B-5-2', 27, 0),
(36, '51B-273-01', 'B-6-2', 27, 0),
(37, '51B-273-01', 'B-7-2', 27, 0),
(38, '51B-273-01', 'C-1-2', 27, 0),
(39, '51B-273-01', 'D-1-2', 27, 0),
(40, '51B-273-01', 'D-2-2', 27, 0),
(41, '51B-273-01', 'D-3-2', 27, 0),
(42, '51B-273-01', 'D-4-2', 27, 0),
(43, '51B-273-01', 'D-5-2', 27, 0),
(44, '51B-273-01', 'D-6-2', 27, 0),
(45, '51B-273-01', 'D-7-2', 27, 0),
(46, '51B-415-54', 'A-1-1', 29, 0),
(47, '51B-415-54', 'A-2-1', 29, 0),
(48, '51B-415-54', 'A-3-1', 29, 0),
(49, '51B-415-54', 'A-4-1', 29, 0),
(50, '51B-415-54', 'A-5-1', 29, 0),
(51, '51B-415-54', 'B-1-1', 29, 0),
(52, '51B-415-54', 'B-2-1', 29, 0),
(53, '51B-415-54', 'B-3-1', 29, 0),
(54, '51B-415-54', 'B-4-1', 29, 0),
(55, '51B-415-54', 'B-5-1', 29, 0),
(56, '51B-415-54', 'D-1-1', 29, 0),
(57, '51B-415-54', 'D-2-1', 29, 0),
(58, '51B-415-54', 'D-3-1', 29, 0),
(59, '51B-415-54', 'D-4-1', 29, 0),
(60, '51B-415-54', 'D-5-1', 29, 0),
(61, '51B-415-54', 'C-1-1', 29, 0),
(62, '51B-415-54', 'A-1-1', 30, 0),
(63, '51B-415-54', 'A-2-1', 30, 0),
(64, '51B-415-54', 'A-3-1', 30, 0),
(65, '51B-415-54', 'A-4-1', 30, 0),
(66, '51B-415-54', 'A-5-1', 30, 0),
(67, '51B-415-54', 'B-1-1', 30, 0),
(68, '51B-415-54', 'B-2-1', 30, 0),
(69, '51B-415-54', 'B-3-1', 30, 0),
(70, '51B-415-54', 'B-4-1', 30, 0),
(71, '51B-415-54', 'B-5-1', 30, 0),
(72, '51B-415-54', 'D-1-1', 30, 0),
(73, '51B-415-54', 'D-2-1', 30, 0),
(74, '51B-415-54', 'D-3-1', 30, 0),
(75, '51B-415-54', 'D-4-1', 30, 0),
(76, '51B-415-54', 'D-5-1', 30, 0),
(77, '51B-415-54', 'C-1-1', 30, 0),
(83, '51B-273-01', 'A-1-1', 37, 1),
(84, '51B-273-01', 'A-2-1', 37, 1),
(85, '51B-273-01', 'A-3-1', 37, 1),
(86, '51B-273-01', 'A-4-1', 37, 0),
(87, '51B-273-01', 'A-5-1', 37, 0),
(88, '51B-273-01', 'A-6-1', 37, 0),
(89, '51B-273-01', 'A-7-1', 37, 0),
(90, '51B-273-01', 'B-1-1', 37, 1),
(91, '51B-273-01', 'B-2-1', 37, 0),
(92, '51B-273-01', 'B-3-1', 37, 0),
(93, '51B-273-01', 'B-4-1', 37, 0),
(94, '51B-273-01', 'B-5-1', 37, 0),
(95, '51B-273-01', 'B-6-1', 37, 0),
(96, '51B-273-01', 'B-7-1', 37, 0),
(97, '51B-273-01', 'B-8-1', 37, 0),
(98, '51B-273-01', 'C-1-1', 37, 0),
(99, '51B-273-01', 'D-1-1', 37, 0),
(100, '51B-273-01', 'D-2-1', 37, 0),
(101, '51B-273-01', 'D-3-1', 37, 0),
(102, '51B-273-01', 'D-4-1', 37, 0),
(103, '51B-273-01', 'D-5-1', 37, 1),
(104, '51B-273-01', 'D-6-1', 37, 0),
(105, '51B-273-01', 'D-7-1', 37, 0),
(106, '51B-273-01', 'D-1-1', 37, 0),
(107, '51B-273-01', 'A-1-2', 37, 0),
(108, '51B-273-01', 'A-2-2', 37, 0),
(109, '51B-273-01', 'A-3-2', 37, 0),
(110, '51B-273-01', 'A-4-2', 37, 0),
(111, '51B-273-01', 'A-5-2', 37, 1),
(112, '51B-273-01', 'A-6-2', 37, 0),
(113, '51B-273-01', 'A-7-2', 37, 0),
(114, '51B-273-01', 'B-1-2', 37, 0),
(115, '51B-273-01', 'B-2-2', 37, 0),
(116, '51B-273-01', 'B-3-2', 37, 0),
(117, '51B-273-01', 'B-4-2', 37, 0),
(118, '51B-273-01', 'B-5-2', 37, 0),
(119, '51B-273-01', 'B-6-2', 37, 0),
(120, '51B-273-01', 'B-7-2', 37, 0),
(121, '51B-273-01', 'B-8-2', 37, 0),
(122, '51B-273-01', 'C-1-2', 37, 0),
(123, '51B-273-01', 'D-1-2', 37, 0),
(124, '51B-273-01', 'D-2-2', 37, 0),
(125, '51B-273-01', 'D-3-2', 37, 0),
(126, '51B-273-01', 'D-4-2', 37, 0),
(127, '51B-273-01', 'D-5-2', 37, 0),
(128, '51B-273-01', 'D-6-2', 37, 0),
(129, '51B-273-01', 'D-7-2', 37, 0),
(130, '51B-273-01', 'D-1-2', 37, 0),
(131, '47B-545-445', 'A-1-1', 38, 1),
(132, '47B-545-445', 'A-2-1', 38, 1),
(133, '47B-545-445', 'A-3-1', 38, 1),
(134, '47B-545-445', 'A-4-1', 38, 0),
(135, '47B-545-445', 'A-5-1', 38, 0),
(136, '47B-545-445', 'B-1-1', 38, 1),
(137, '47B-545-445', 'B-2-1', 38, 1),
(138, '47B-545-445', 'B-3-1', 38, 1),
(139, '47B-545-445', 'B-4-1', 38, 0),
(140, '47B-545-445', 'B-5-1', 38, 0),
(141, '47B-545-445', 'C-1-1', 38, 0),
(142, '47B-545-445', 'D-1-1', 38, 0),
(143, '47B-545-445', 'D-2-1', 38, 0),
(144, '47B-545-445', 'D-3-1', 38, 0),
(145, '47B-545-445', 'D-4-1', 38, 0),
(146, '47B-545-445', 'D-5-1', 38, 0),
(147, '47B-207-45', 'A-1-1', 35, 1),
(148, '47B-207-45', 'A-2-1', 35, 1),
(149, '47B-207-45', 'A-3-1', 35, 1),
(150, '47B-207-45', 'A-4-1', 35, 1),
(151, '47B-207-45', 'A-5-1', 35, 1),
(152, '47B-207-45', 'A-6-1', 35, 1),
(153, '47B-207-45', 'A-7-1', 35, 1),
(154, '47B-207-45', 'B-1-1', 35, 1),
(155, '47B-207-45', 'B-2-1', 35, 1),
(156, '47B-207-45', 'B-3-1', 35, 1),
(157, '47B-207-45', 'B-4-1', 35, 1),
(158, '47B-207-45', 'B-5-1', 35, 1),
(159, '47B-207-45', 'B-6-1', 35, 1),
(160, '47B-207-45', 'B-7-1', 35, 1),
(161, '47B-207-45', 'B-8-1', 35, 1),
(162, '47B-207-45', 'C-1-1', 35, 1),
(163, '47B-207-45', 'D-1-1', 35, 1),
(164, '47B-207-45', 'D-2-1', 35, 1),
(165, '47B-207-45', 'D-3-1', 35, 1),
(166, '47B-207-45', 'D-4-1', 35, 1),
(167, '47B-207-45', 'D-5-1', 35, 1),
(168, '47B-207-45', 'D-6-1', 35, 1),
(169, '47B-207-45', 'D-7-1', 35, 1),
(170, '47B-207-45', 'D-1-1', 35, 1),
(171, '47B-207-45', 'A-1-2', 35, 1),
(172, '47B-207-45', 'A-2-2', 35, 1),
(173, '47B-207-45', 'A-3-2', 35, 1),
(174, '47B-207-45', 'A-4-2', 35, 1),
(175, '47B-207-45', 'A-5-2', 35, 1),
(176, '47B-207-45', 'A-6-2', 35, 1),
(177, '47B-207-45', 'A-7-2', 35, 1),
(178, '47B-207-45', 'B-1-2', 35, 1),
(179, '47B-207-45', 'B-2-2', 35, 1),
(180, '47B-207-45', 'B-3-2', 35, 1),
(181, '47B-207-45', 'B-4-2', 35, 1),
(182, '47B-207-45', 'B-5-2', 35, 1),
(183, '47B-207-45', 'B-6-2', 35, 1),
(184, '47B-207-45', 'B-7-2', 35, 1),
(185, '47B-207-45', 'B-8-2', 35, 1),
(186, '47B-207-45', 'C-1-2', 35, 1),
(187, '47B-207-45', 'D-1-2', 35, 1),
(188, '47B-207-45', 'D-2-2', 35, 1),
(189, '47B-207-45', 'D-3-2', 35, 1),
(190, '47B-207-45', 'D-4-2', 35, 1),
(191, '47B-207-45', 'D-5-2', 35, 1),
(192, '47B-207-45', 'D-6-2', 35, 1),
(193, '47B-207-45', 'D-7-2', 35, 1),
(194, '47B-207-45', 'D-1-2', 35, 1),
(211, '51B-415-54', 'A-1-1', 40, 0),
(212, '51B-415-54', 'A-2-1', 40, 0),
(213, '51B-415-54', 'A-3-1', 40, 0),
(214, '51B-415-54', 'A-4-1', 40, 0),
(215, '51B-415-54', 'A-5-1', 40, 0),
(216, '51B-415-54', 'B-1-1', 40, 0),
(217, '51B-415-54', 'B-2-1', 40, 0),
(218, '51B-415-54', 'B-3-1', 40, 0),
(219, '51B-415-54', 'B-4-1', 40, 0),
(220, '51B-415-54', 'B-5-1', 40, 0),
(221, '51B-415-54', 'C-1-1', 40, 0),
(222, '51B-415-54', 'D-1-1', 40, 0),
(223, '51B-415-54', 'D-2-1', 40, 0),
(224, '51B-415-54', 'D-3-1', 40, 0),
(225, '51B-415-54', 'D-4-1', 40, 0),
(226, '51B-415-54', 'D-5-1', 40, 0),
(227, '51B-273-49', 'A-1-1', 42, 0),
(228, '51B-273-49', 'A-2-1', 42, 0),
(229, '51B-273-49', 'A-3-1', 42, 0),
(230, '51B-273-49', 'A-4-1', 42, 0),
(231, '51B-273-49', 'A-5-1', 42, 0),
(232, '51B-273-49', 'A-6-1', 42, 0),
(233, '51B-273-49', 'A-7-1', 42, 0),
(234, '51B-273-49', 'B-1-1', 42, 0),
(235, '51B-273-49', 'B-2-1', 42, 0),
(236, '51B-273-49', 'B-3-1', 42, 0),
(237, '51B-273-49', 'B-4-1', 42, 0),
(238, '51B-273-49', 'B-5-1', 42, 0),
(239, '51B-273-49', 'B-6-1', 42, 0),
(240, '51B-273-49', 'B-7-1', 42, 0),
(241, '51B-273-49', 'B-8-1', 42, 0),
(242, '51B-273-49', 'C-1-1', 42, 0),
(243, '51B-273-49', 'D-1-1', 42, 0),
(244, '51B-273-49', 'D-2-1', 42, 0),
(245, '51B-273-49', 'D-3-1', 42, 0),
(246, '51B-273-49', 'D-4-1', 42, 0),
(247, '51B-273-49', 'D-5-1', 42, 0),
(248, '51B-273-49', 'D-6-1', 42, 0),
(249, '51B-273-49', 'D-7-1', 42, 0),
(250, '51B-273-49', 'D-1-1', 42, 0),
(251, '51B-273-49', 'A-1-2', 42, 0),
(252, '51B-273-49', 'A-2-2', 42, 0),
(253, '51B-273-49', 'A-3-2', 42, 0),
(254, '51B-273-49', 'A-4-2', 42, 0),
(255, '51B-273-49', 'A-5-2', 42, 1),
(256, '51B-273-49', 'A-6-2', 42, 0),
(257, '51B-273-49', 'A-7-2', 42, 0),
(258, '51B-273-49', 'B-1-2', 42, 0),
(259, '51B-273-49', 'B-2-2', 42, 0),
(260, '51B-273-49', 'B-3-2', 42, 0),
(261, '51B-273-49', 'B-4-2', 42, 0),
(262, '51B-273-49', 'B-5-2', 42, 0),
(263, '51B-273-49', 'B-6-2', 42, 0),
(264, '51B-273-49', 'B-7-2', 42, 0),
(265, '51B-273-49', 'B-8-2', 42, 0),
(266, '51B-273-49', 'C-1-2', 42, 0),
(267, '51B-273-49', 'D-1-2', 42, 0),
(268, '51B-273-49', 'D-2-2', 42, 0),
(269, '51B-273-49', 'D-3-2', 42, 0),
(270, '51B-273-49', 'D-4-2', 42, 0),
(271, '51B-273-49', 'D-5-2', 42, 0),
(272, '51B-273-49', 'D-6-2', 42, 0),
(273, '51B-273-49', 'D-7-2', 42, 0),
(274, '51B-273-49', 'D-1-2', 42, 0),
(307, '51B-415-54', 'A-1-1', 39, 0),
(308, '51B-415-54', 'A-2-1', 39, 0),
(309, '51B-415-54', 'A-3-1', 39, 0),
(310, '51B-415-54', 'A-4-1', 39, 0),
(311, '51B-415-54', 'A-5-1', 39, 0),
(312, '51B-415-54', 'B-1-1', 39, 0),
(313, '51B-415-54', 'B-2-1', 39, 0),
(314, '51B-415-54', 'B-3-1', 39, 0),
(315, '51B-415-54', 'B-4-1', 39, 0),
(316, '51B-415-54', 'B-5-1', 39, 0),
(317, '51B-415-54', 'C-1-1', 39, 0),
(318, '51B-415-54', 'D-1-1', 39, 0),
(319, '51B-415-54', 'D-2-1', 39, 0),
(320, '51B-415-54', 'D-3-1', 39, 0),
(321, '51B-415-54', 'D-4-1', 39, 0),
(322, '51B-415-54', 'D-5-1', 39, 0);

-- --------------------------------------------------------

--
-- Table structure for table `ghe`
--

CREATE TABLE `ghe` (
  `maghe` int(11) UNSIGNED NOT NULL,
  `sohang` varchar(255) COLLATE utf8mb4_unicode_ci NOT NULL,
  `socot` varchar(255) COLLATE utf8mb4_unicode_ci NOT NULL,
  `sotang` varchar(255) COLLATE utf8mb4_unicode_ci NOT NULL
) ENGINE=InnoDB DEFAULT CHARSET=utf8mb4 COLLATE=utf8mb4_unicode_ci;

--
-- Dumping data for table `ghe`
--

INSERT INTO `ghe` (`maghe`, `sohang`, `socot`, `sotang`) VALUES
(1, 'A', '1', '1'),
(2, 'A', '2', '1'),
(3, 'A', '1', '1'),
(4, 'A', '2', '1'),
(5, 'A', '3', '1'),
(6, 'A', '4', '1'),
(7, 'A', '5', '1'),
(8, 'A', '6', '1'),
(9, 'A', '7', '1'),
(10, 'A', '8', '1'),
(11, 'A', '9', '1'),
(12, 'A', '10', '1'),
(13, 'B', '1', '1'),
(14, 'B', '2', '1'),
(15, 'B', '3', '1'),
(16, 'B', '4', '1'),
(17, 'B', '5', '1'),
(18, 'B', '6', '1'),
(19, 'B', '7', '1'),
(20, 'B', '8', '1'),
(21, 'B', '9', '1'),
(22, 'B', '10', '1'),
(23, 'D', '1', '1'),
(24, 'D', '2', '1'),
(25, 'D', '3', '1'),
(26, 'D', '4', '1'),
(27, 'D', '5', '1'),
(28, 'D', '6', '1'),
(29, 'D', '7', '1'),
(30, 'D', '8', '1'),
(31, 'D', '9', '1'),
(32, 'D', '10', '1'),
(33, 'A', '1', '2'),
(34, 'A', '2', '2'),
(35, 'A', '3', '2'),
(36, 'A', '4', '2'),
(37, 'A', '5', '2'),
(38, 'A', '6', '2'),
(39, 'A', '7', '2'),
(40, 'A', '8', '2'),
(41, 'A', '9', '2'),
(42, 'A', '10', '2'),
(43, 'B', '1', '2'),
(44, 'B', '2', '2'),
(45, 'B', '3', '2'),
(46, 'B', '4', '2'),
(47, 'B', '5', '2'),
(48, 'B', '6', '2'),
(49, 'B', '7', '2'),
(50, 'B', '8', '2'),
(51, 'B', '9', '2'),
(52, 'B', '10', '2'),
(53, 'D', '1', '2'),
(54, 'D', '2', '2'),
(55, 'D', '3', '2'),
(56, 'D', '4', '2'),
(57, 'D', '5', '2'),
(58, 'D', '6', '2'),
(59, 'D', '7', '2'),
(60, 'D', '8', '2'),
(61, 'D', '9', '2'),
(62, 'D', '10', '2'),
(63, 'D', '1', '1'),
(64, 'D', '1', '2'),
(65, 'C', '1', '1'),
(66, 'C', '1', '2');

-- --------------------------------------------------------

--
-- Table structure for table `hoa_don`
--

CREATE TABLE `hoa_don` (
  `mahd` int(10) UNSIGNED NOT NULL,
  `manv` varchar(255) COLLATE utf8mb4_unicode_ci NOT NULL,
  `macd` varchar(255) COLLATE utf8mb4_unicode_ci NOT NULL,
  `ngaylap` datetime NOT NULL,
  `tienthu` int(11) NOT NULL,
  `tienxang` int(11) NOT NULL,
  `chiphi` int(11) NOT NULL,
  `tongtien` int(11) NOT NULL
) ENGINE=InnoDB DEFAULT CHARSET=utf8mb4 COLLATE=utf8mb4_unicode_ci;

--
-- Dumping data for table `hoa_don`
--

INSERT INTO `hoa_don` (`mahd`, `manv`, `macd`, `ngaylap`, `tienthu`, `tienxang`, `chiphi`, `tongtien`) VALUES
(5, '3', '21', '2021-11-21 07:00:00', 15, 0, 1500000, 0),
(6, '4', '35', '2021-12-30 16:00:00', 4500000, 100000, 0, 4400000),
(7, '3', '35', '2021-12-31 16:00:00', 4500000, 100000, 10000, 4390000),
(8, '4', '35', '2021-12-12 12:00:00', 4500000, 100000, 10000, 4390000),
(9, '4', '36', '2021-12-30 12:00:00', 0, 0, 0, 0);

-- --------------------------------------------------------

--
-- Table structure for table `khach_hang`
--

CREATE TABLE `khach_hang` (
  `makh` int(10) UNSIGNED NOT NULL,
  `tenkh` varchar(255) COLLATE utf8mb4_unicode_ci NOT NULL,
  `diachi` varchar(255) COLLATE utf8mb4_unicode_ci NOT NULL,
  `sdt` varchar(255) COLLATE utf8mb4_unicode_ci NOT NULL,
  `cmnd` varchar(255) COLLATE utf8mb4_unicode_ci NOT NULL,
  `mail` varchar(255) COLLATE utf8mb4_unicode_ci NOT NULL
) ENGINE=InnoDB DEFAULT CHARSET=utf8mb4 COLLATE=utf8mb4_unicode_ci;

--
-- Dumping data for table `khach_hang`
--

INSERT INTO `khach_hang` (`makh`, `tenkh`, `diachi`, `sdt`, `cmnd`, `mail`) VALUES
(73, 'phan dac huynh', 'Vũng Tàu', '0868714909', '273662596', 'phandachuynh123@gmail.com'),
(74, 'phan dac huynh 2', 'Vũng Tàu', '1', '32523', 'a@gmail.com'),
(75, 'nguyen van a', 'Sài Gòn', '13134', '172435', 'a@gmail.com'),
(76, 'nguyen van b', 'Sài Gòn', '1341', '246234', 'ad@gmail.com'),
(77, 'nguyen van b', 'Sài Gòn', '1341', '246234', 'ad@gmail.com'),
(78, 'nguyen van c', 'Vũng Tàu', '112', '246234', 'c@gmail.com'),
(79, 'nguyen van c', 'Vũng Tàu', '112', '246234', 'c@gmail.com'),
(80, 'nguyen van c', 'Vũng Tàu', '112', '246234', 'c@gmail.com'),
(81, 'nguyen van c', 'Vũng Tàu', '112', '246234', 'c@gmail.com'),
(82, 'nguyen van c', 'Vũng Tàu', '112', '246234', 'c@gmail.com'),
(83, 'nguyen van c', 'Vũng Tàu', '112', '246234', 'c@gmail.com'),
(84, 'nguyen van c', 'Sài Gòn', '123', '246234', 'c@gmail.com'),
(85, 'nguyen van c', 'Sài Gòn', '123', '246234', 'c@gmail.com'),
(86, 'nguyen van c', 'Sài Gòn', '123', '246234', 'c@gmail.com'),
(87, 'nguyen van c', 'Sài Gòn', '123', '15134786', 'c@gmail.com'),
(88, 'nguyen van c', 'Sài Gòn', '123', '246234', 'c@gmail.com'),
(89, 'nguyen van c', 'Sài Gòn', '123', '246234', 'c@gmail.com'),
(90, 'nguyen van c', 'Hà Nội', '123', '24624', 'c@gmail.com'),
(91, 'nguyen van c', 'adad', '123', '172435', 'c@gmail.com'),
(92, 'nguyen van d', 'Hà Nội', '123', '24624', 'd@gmail.com'),
(93, 'nguyen van D', 'ASD', '123', '147236', 'd@gmail.com'),
(94, 'a', 'adf', '123', '15134', 'a@gmail.com'),
(95, 'a', 'saf', '123', '131', 'a@gmail.com'),
(96, 'c', 'df', '1', '123', 'c@gmail.com'),
(97, 'c', 'df', '1', '123', 'c@gmail.com'),
(98, 'd', 'a', '1', '123', 'd@gmail.com'),
(99, 'd', 'a', '1', '123', 'd@gmail.com'),
(100, 'd', 'a', '1', '123', 'd@gmail.com'),
(101, 'd', 'a', '1', '123', 'd@gmail.com'),
(102, 'nguyen van c', 'yrjre', '13134', '24624', 'c@gmail.com'),
(103, 'huynh', 'vungtau', '1', '123', 'huynh@gmail.com'),
(104, 'dac huynh', 'Vũng Tàu', '1', '33333333', 'phandachuynh123@gmail.com'),
(105, 'asfeq', 'Sài Gòn', '13134', '33333333', 'phandac111@gmail.com'),
(106, 'nguyen van c', 'adad', '13134', '33333333', 'phandachuynh123@gmail.com'),
(107, 'c', 'adad', '13134', '123', 'DH51703506@student.stu.edu.vn'),
(108, 'Phạm Ngũ Lão', '41 Bùi Viện, phường Phạm Ngũ Lão, Quận 1', '62616747', '62916889', 'HASU@gmail.com'),
(109, 'vu phan', 'tan minh', '0903833633', '123123132', 'vupha2222n2120@gmail.com'),
(110, 'vu phan', '123', '123123123', '123123123', 'vuphan2120@gmail.com');

-- --------------------------------------------------------

--
-- Table structure for table `loai_xe`
--

CREATE TABLE `loai_xe` (
  `malx` int(10) UNSIGNED NOT NULL,
  `tenlx` varchar(255) COLLATE utf8mb4_unicode_ci NOT NULL,
  `soghe` varchar(255) COLLATE utf8mb4_unicode_ci NOT NULL,
  `loaighe` int(11) NOT NULL,
  `anh` varchar(255) COLLATE utf8mb4_unicode_ci NOT NULL
) ENGINE=InnoDB DEFAULT CHARSET=utf8mb4 COLLATE=utf8mb4_unicode_ci;

--
-- Dumping data for table `loai_xe`
--

INSERT INTO `loai_xe` (`malx`, `tenlx`, `soghe`, `loaighe`, `anh`) VALUES
(2, 'A Ba', '45', 1, 'lx_35_187.jfif'),
(3, 'Hoàng Long', '45', 0, 'lx_45_217.jpg'),
(4, 'Tý Nghĩa', '45', 0, 'lx_45_217.jpg'),
(5, 'Vân Tuyến', '45', 1, 'lx_45_217.jpg'),
(6, 'Đức Thịnh', '40', 1, 'lx_35_187.jfif'),
(7, 'Anh Khuyên', '45', 1, 'lx_45_217.jpg'),
(8, 'Hồng Hải', '40', 1, 'lx_35_187.jfif'),
(9, 'Tăng Tín', '40', 1, 'lx_35_187.jfif'),
(10, 'Thọ Mười', '40', 1, 'lx_35_187.jfif'),
(11, 'Liên Hưng', '40', 1, 'lx_35_187.jfif'),
(12, 'Vie Limousine', '9', 0, '9cho.jpg'),
(13, 'Huy Hoàng', '9', 0, '9cho.jpg'),
(14, 'Hoa Mai', '16', 0, 'hoa_mai.png'),
(15, 'Thiên Phú', '6', 0, 'Limousine9.jpg'),
(16, 'Thành Vinh', '6', 0, 'Limousine9.jpg'),
(17, 'AVIGO', '16', 0, 'lx_16_1.jpg'),
(18, 'Toàn Thắng', '16', 0, 'toan_thang.png');

-- --------------------------------------------------------

--
-- Table structure for table `nhan_vien`
--

CREATE TABLE `nhan_vien` (
  `manv` int(10) UNSIGNED NOT NULL,
  `tennv` varchar(255) COLLATE utf8mb4_unicode_ci NOT NULL,
  `diachi` varchar(255) COLLATE utf8mb4_unicode_ci NOT NULL,
  `sdt` varchar(255) COLLATE utf8mb4_unicode_ci NOT NULL,
  `ngaysinh` datetime NOT NULL,
  `cmnd` varchar(255) COLLATE utf8mb4_unicode_ci NOT NULL,
  `mail` varchar(255) COLLATE utf8mb4_unicode_ci NOT NULL,
  `quyen` varchar(255) COLLATE utf8mb4_unicode_ci NOT NULL
) ENGINE=InnoDB DEFAULT CHARSET=utf8mb4 COLLATE=utf8mb4_unicode_ci;

--
-- Dumping data for table `nhan_vien`
--

INSERT INTO `nhan_vien` (`manv`, `tennv`, `diachi`, `sdt`, `ngaysinh`, `cmnd`, `mail`, `quyen`) VALUES
(1, 'tý', 'Số 2 Sài Gòn', '0922222222', '1994-06-06 00:00:00', '15134786', 'ty@gmail.com', 'nv'),
(2, 'sửu', 'Số 1 Sài Gòn', '0924555552', '1997-03-21 00:00:00', '33333333', 'suu@gmail.com', 'nv'),
(3, 'Mão', 'Sài Gòn', '24562476', '1999-11-24 00:00:00', '346345', 'mao@gmail.com', 'nv'),
(4, 'admin', 'saa', '0216165165', '1998-12-28 02:30:39', '85747\\4', 'admin@gmail.com', 'admin');

-- --------------------------------------------------------

--
-- Table structure for table `tinh`
--

CREATE TABLE `tinh` (
  `matinh` int(10) UNSIGNED NOT NULL,
  `sotram` int(11) NOT NULL,
  `tentinh` varchar(255) CHARACTER SET utf8 COLLATE utf8_unicode_ci NOT NULL
) ENGINE=InnoDB DEFAULT CHARSET=utf8mb4 COLLATE=utf8mb4_unicode_ci;

--
-- Dumping data for table `tinh`
--

INSERT INTO `tinh` (`matinh`, `sotram`, `tentinh`) VALUES
(1, 2, 'An Giang'),
(2, 1, 'Bạc Liêu'),
(3, 2, 'An Giang'),
(4, 1, 'Bạc Liêu'),
(5, 1, 'Bắc Cạn'),
(6, 2, 'Bắc Giang'),
(7, 1, 'Bắc Ninh'),
(8, 1, 'Bến Tre'),
(9, 1, 'Bình Dương'),
(10, 1, 'Bình Định'),
(11, 1, 'Bình Phước'),
(12, 1, 'Bình Thuận'),
(13, 1, 'Cà Mau'),
(14, 1, 'Cao Bằng'),
(15, 2, 'Cần Thơ'),
(16, 1, 'Daklak'),
(17, 3, 'Đà Nẵng'),
(18, 2, 'Đồng Nai'),
(19, 1, 'Đồng Tháp'),
(20, 1, 'Gia Lai'),
(21, 1, 'Hà Giang'),
(22, 1, 'Hà Nam'),
(23, 3, 'Hà Nội'),
(24, 2, 'Hà Tĩnh'),
(25, 1, 'Hải Dương'),
(29, 1, 'Bình Phước'),
(30, 1, 'Hải Phòng'),
(31, 1, 'Hòa Bình'),
(32, 3, 'Hồ Chí Minh'),
(33, 2, 'Hưng Yên'),
(34, 2, 'Khánh Hòa'),
(35, 1, 'Kiên Giang'),
(36, 2, 'Kon Tum'),
(37, 1, 'Lai Châu'),
(38, 1, 'Lạng Sơn'),
(39, 1, 'Lào Cai'),
(40, 1, 'Lâm Đồng'),
(41, 3, 'Long An'),
(42, 2, 'Nam Định'),
(43, 1, 'Nghệ An'),
(44, 1, 'Ninh Bình'),
(45, 2, 'Ninh Thuận'),
(46, 1, 'Phú Thọ'),
(47, 1, 'Phú Yên'),
(48, 1, 'Quảng Bình'),
(49, 1, 'Quảng Nam'),
(50, 2, 'Tây Ninh'),
(51, 2, 'Thái Bình'),
(52, 2, 'Thái Nguyên'),
(53, 1, 'Thanh Hóa'),
(54, 2, 'Thừa Thiên Huế'),
(55, 1, 'Tiền Giang'),
(56, 1, 'Trà Vinh'),
(57, 1, 'Tuyên Quang'),
(58, 1, 'Vĩnh Long'),
(59, 3, 'Vĩnh Phúc'),
(60, 3, 'Yên Bái'),
(61, 2, 'Bà Rịa-Vũng Tàu');

-- --------------------------------------------------------

--
-- Table structure for table `tram_dung`
--

CREATE TABLE `tram_dung` (
  `matram` int(10) UNSIGNED NOT NULL,
  `tentram` varchar(255) COLLATE utf8mb4_unicode_ci NOT NULL,
  `diachi` varchar(255) COLLATE utf8mb4_unicode_ci NOT NULL,
  `tuyenduong` varchar(255) COLLATE utf8mb4_unicode_ci NOT NULL,
  `sdt` int(12) NOT NULL,
  `anh` varchar(255) COLLATE utf8mb4_unicode_ci NOT NULL
) ENGINE=InnoDB DEFAULT CHARSET=utf8mb4 COLLATE=utf8mb4_unicode_ci;

--
-- Dumping data for table `tram_dung`
--

INSERT INTO `tram_dung` (`matram`, `tentram`, `diachi`, `tuyenduong`, `sdt`, `anh`) VALUES
(1, 'Bến xe An Sương', 'Hồ Chí Minh', '', 19000184, 'an_suong.jfif'),
(2, 'Bến Xe Miền Tây', 'Hồ Chí Minh', '', 1900299200, 'mien_tay.jfif'),
(3, 'Bến xe Miền Đông', 'Hồ Chí Minh', '', 19000184, 'mien_dong.jfif'),
(4, 'Bến Xe Mỹ Đình', 'Hà Nội', '', 243768554, 'mi_dinh.jfif'),
(5, 'Bến xe Giáp Bát', 'Hà Nội', '', 38641467, 'bat_giap.jfif'),
(6, 'Bến xe Nước Ngầm', 'Hà Nội', '', 38612158, 'nuoc_ngam.jfif'),
(7, 'Bến xe trung tâm Đà Nẵng', 'Đà Nẵng', '', 63246246, 'tt_danang.jfif'),
(8, 'Bến xe Đức Long', 'Đà Nẵng', '', 632462, 'duc_long.jfif'),
(9, 'Bến xe Biên Hòa', 'Đồng Nai', '', 90, 'bien_hoa.jfif'),
(10, 'Bà Rịa', 'Bà Rịa-Vũng Tàu', '', 38612158, 'ba_ria.jfif'),
(11, 'Vũng Tàu', 'Bà Rịa-Vũng Tàu', '', 38610000, 'vung_tau.jfif'),
(14, '	\r\nXE KHÁCH Ô HÔ', 'Hải Phòng', '', 225221166, 'o_ho.jfif'),
(15, 'BẾN XE KHÁCH LIÊN TỈNH ĐÀ LẠT', 'ĐÀ LẠT', '', 225221155, 'lt_dalat.jpg'),
(16, 'Bến Xe Bến Tre', 'Bến Tre', '', 236324658, 'ben_tre.jfif'),
(17, 'Bến Xe Cẩm Xuyên', 'Hà Tĩnh', '', 38610000, 'cam_xuyen.jfif');

-- --------------------------------------------------------

--
-- Table structure for table `tuyen_duong`
--

CREATE TABLE `tuyen_duong` (
  `matd` int(11) NOT NULL,
  `diemdi` varchar(50) COLLATE utf8_unicode_ci NOT NULL,
  `diemden` varchar(50) COLLATE utf8_unicode_ci NOT NULL,
  `ten` varchar(255) COLLATE utf8_unicode_ci NOT NULL
) ENGINE=InnoDB DEFAULT CHARSET=utf8 COLLATE=utf8_unicode_ci;

--
-- Dumping data for table `tuyen_duong`
--

INSERT INTO `tuyen_duong` (`matd`, `diemdi`, `diemden`, `ten`) VALUES
(1, 'Hà Nội', 'Hồ Chí Minh', 'Hà Nội - Hồ Chí Minh'),
(2, 'Hồ Chí Minh', 'Hà Nội', 'Hồ Chí Minh - Hà Nội'),
(3, 'Hà Nội', 'SAPA', 'Hà Nội - SAPA'),
(4, 'Hồ Chí Minh', 'Đà Nẵng', 'Hồ Chí Minh - Đà Nẵng'),
(11, 'Hồ Chí Minh', 'Thừa Thiên Huế', 'Hồ Chí Minh - Thừa Thiên Huế'),
(14, 'Hồ Chí Minh', 'Gia Lai', 'Hồ Chí Minh - Gia Lai'),
(17, 'Hà Nội', 'Thái Bình', 'Hà Nội - Thái Bình'),
(32, 'Hồ Chí Minh', 'Bà Rịa-Vũng Tàu', 'Hồ Chí Minh - Bà Rịa-Vũng Tàu'),
(35, 'Yên Bái', 'Thái Nguyên', 'Yên Bái-Thái Nguyên'),
(42, 'Thừa Thiên Huế', 'Hà Nội', 'Thừa Thiên Huế - Hà Nội'),
(43, 'Tuyên Quang', 'Hồ Chí Minh', 'Tuyên Quang - Hồ Chí Minh'),
(44, 'Hà Nội', 'Thanh Hóa', 'Hà Nội - Thanh Hóa'),
(45, 'Nghệ An', 'Hà Nội', 'Nghệ An - Hà Nội'),
(46, 'Lâm Đồng', 'Bà Rịa-Vũng Tàu', 'Lâm Đồng - Bà Rịa-Vũng Tàu'),
(47, 'Trà Vinh', 'Hồ Chí Minh', 'Trà Vinh - Hồ Chí Minh'),
(48, 'Hồ Chí Minh', 'Trà Vinh', 'Hồ Chí Minh - Trà Vinh');

-- --------------------------------------------------------

--
-- Table structure for table `ve_xe`
--

CREATE TABLE `ve_xe` (
  `mave` int(10) UNSIGNED NOT NULL,
  `tenkh` varchar(255) COLLATE utf8mb4_unicode_ci DEFAULT NULL,
  `sdt` int(11) NOT NULL,
  `macd` varchar(255) COLLATE utf8mb4_unicode_ci NOT NULL,
  `maghe` varchar(50) COLLATE utf8mb4_unicode_ci NOT NULL,
  `kieutra` int(11) NOT NULL,
  `trangthai` int(11) NOT NULL,
  `lydo_huy` varchar(255) COLLATE utf8mb4_unicode_ci DEFAULT NULL
) ENGINE=InnoDB DEFAULT CHARSET=utf8mb4 COLLATE=utf8mb4_unicode_ci;

--
-- Dumping data for table `ve_xe`
--

INSERT INTO `ve_xe` (`mave`, `tenkh`, `sdt`, `macd`, `maghe`, `kieutra`, `trangthai`, `lydo_huy`) VALUES
(86, 'nguyen van c', 112, '35', 'A-4-1', 1, 3, 'ưgwsrgb'),
(88, 'nguyen van c', 112, '35', 'B-1-1', 1, 0, ''),
(90, 'nguyen van c', 112, '35', 'D-2-1', 1, 1, NULL),
(91, 'nguyen van c', 112, '35', 'D-3-1', 0, 1, NULL),
(93, 'nguyen van a', 13134, '35', 'A-4-2', 1, 1, NULL),
(94, 'nguyen van a', 13134, '35', 'B-4-2', 1, 0, ''),
(95, 'nguyen van a', 13134, '35', 'D-4-2', 1, 1, NULL),
(96, 'nguyen van a', 13134, '35', 'A-4-2', 2, 0, ''),
(97, 'nguyen van a', 13134, '35', 'B-4-2', 2, 0, ''),
(98, 'nguyen van a', 13134, '35', 'D-4-2', 2, 0, ''),
(99, 'nguyen van a', 13134, '35', 'A-1-2', 1, 0, ''),
(100, 'nguyen van c', 13134, '35', 'B-1-2', 2, 0, ''),
(101, 'huynh', 1, '35', 'D-2-2', 3, 3, NULL),
(102, 'huynh', 1, '35', 'D-1-2', 3, 3, NULL),
(103, 'dac huynh', 1, '35', 'D-5-2', 2, 3, 'sdvfasd'),
(104, 'asfeq', 13134, '35', 'C-1-2', 2, 0, ''),
(105, 'nguyen van c', 13134, '35', 'D-6-1', 2, 0, ''),
(106, 'nguyen van c', 13134, '35', 'D-5-1', 2, 0, ''),
(107, 'nguyen van c', 13134, '35', 'D-6-1', 2, 0, ''),
(108, 'nguyen van c', 13134, '35', 'D-5-1', 2, 0, ''),
(109, 'nguyen van c', 13134, '35', 'D-6-1', 2, 0, ''),
(110, 'nguyen van c', 13134, '35', 'D-5-1', 2, 0, ''),
(111, 'nguyen van c', 13134, '35', 'D-6-1', 2, 0, ''),
(112, 'nguyen van c', 13134, '35', 'D-5-1', 2, 0, ''),
(113, 'Phan Đắc Huynh', 13134, '35', 'D-4-1', 1, 0, ''),
(114, 'Phan Đắc Huynh', 13134, '35', 'B-6-2', 1, 0, ''),
(115, 'Phan Đắc Huynh', 13134, '35', 'D-3-2', 1, 0, ''),
(116, 'Phan Đắc Huynh', 13134, '35', 'D-7-2', 1, 0, ''),
(117, 'Phan Đắc Huynh', 13134, '35', 'B-2-2', 1, 0, ''),
(118, 'c', 13134, '35', 'D-6-2', 2, 0, ''),
(119, 'nguyen van a', 13134, '35', 'B-3-2', 1, 0, ''),
(120, 'nguyen van a', 13134, '45', 'B-1-1', 1, 3, 'ád'),
(121, 'huynh', 1, '35', 'A-2-2', 2, 1, NULL),
(122, 'nguyen van a', 13134, '45', 'D-5-1', 0, 0, NULL),
(123, 'nguyen van c', 112, '45', 'A-3-1', 1, 0, NULL),
(124, 'a', 13134, '35', 'A-3-2', 3, 1, NULL),
(125, 'cần', 13134, '35', 'A-2-2', 3, 1, NULL),
(126, 'nguyen van b', 1341, '35', 'A-4-1', 0, 1, NULL),
(127, 'nguyen van c', 112, '35', 'A-4-2', 0, 1, NULL),
(128, 'huynh', 1, '35', 'A-5-2', 1, 1, NULL),
(129, 'phan dac huynh 2', 1, '35', 'A-6-2', 1, 1, NULL),
(130, 'asfeq', 13134, '35', 'B-5-2', 1, 1, NULL),
(131, 'huynh', 1, '35', 'B-8-2', 1, 1, NULL),
(132, 'Phạm Ngũ Lão', 62616747, '38', 'A-1-1', 3, 1, NULL),
(133, 'Phạm Ngũ Lão', 62616747, '38', 'B-1-1', 3, 1, NULL),
(134, 'Phạm Ngũ Lão', 62616747, '38', 'A-2-1', 3, 1, NULL),
(135, 'Phạm Ngũ Lão', 62616747, '38', 'B-2-1', 3, 1, NULL),
(136, 'Phạm Ngũ Lão', 62616747, '38', 'B-3-1', 3, 1, NULL),
(137, 'Phạm Ngũ Lão', 62616747, '38', 'A-3-1', 3, 1, NULL),
(138, 'Phạm Ngũ Lão', 62616747, '35', 'D-1-2', 1, 1, NULL),
(139, 'phan dac huynh', 868714909, '35', 'D-2-2', 1, 1, NULL),
(140, 'nguyen van a', 13134, '35', 'D-5-2', 1, 1, NULL),
(141, 'vu phan', 903833633, '42', 'A-5-2', 2, 0, NULL),
(142, 'vu phan', 123123123, '37', 'A-5-2', 1, 0, NULL);

-- --------------------------------------------------------

--
-- Table structure for table `xe`
--

CREATE TABLE `xe` (
  `maxe` int(11) NOT NULL,
  `bienso` varchar(255) COLLATE utf8_unicode_ci NOT NULL,
  `malx` int(11) NOT NULL,
  `tinhtrang` int(11) NOT NULL
) ENGINE=InnoDB DEFAULT CHARSET=utf8 COLLATE=utf8_unicode_ci;

--
-- Dumping data for table `xe`
--

INSERT INTO `xe` (`maxe`, `bienso`, `malx`, `tinhtrang`) VALUES
(1, '51B-273-49', 4, 0),
(2, '51B-273-01', 4, 0),
(3, '47B-207-45', 2, 0),
(5, '47B-277-05', 2, 0),
(6, '30B-277-05', 3, 0),
(7, '30B-517-75', 3, 0),
(8, '51B-273-49', 4, 0),
(9, '51B-415-54', 18, 0),
(10, '47B-545-445', 14, 0),
(11, '47B-277-65', 12, 0),
(12, '51B-273-14', 16, 0),
(13, '51B-24-45', 15, 0),
(14, '47B-54-05', 13, 0),
(15, '51B-273-874', 13, 0),
(16, '47B-167-440', 5, 0),
(17, '51B-10-01', 8, 0),
(18, '10B-10-10', 10, 0),
(19, '51B-51-51', 7, 0),
(20, '23B-23-23', 17, 0);

--
-- Indexes for dumped tables
--

--
-- Indexes for table `chuyen_di`
--
ALTER TABLE `chuyen_di`
  ADD PRIMARY KEY (`macd`),
  ADD KEY `bienso` (`bienso`),
  ADD KEY `diemdi` (`tuyenduong`);

--
-- Indexes for table `ct_ghe`
--
ALTER TABLE `ct_ghe`
  ADD PRIMARY KEY (`mact`);

--
-- Indexes for table `datghe`
--
ALTER TABLE `datghe`
  ADD PRIMARY KEY (`madat`),
  ADD KEY `maghe` (`maghe`);

--
-- Indexes for table `ghe`
--
ALTER TABLE `ghe`
  ADD PRIMARY KEY (`maghe`);

--
-- Indexes for table `hoa_don`
--
ALTER TABLE `hoa_don`
  ADD PRIMARY KEY (`mahd`),
  ADD KEY `manv` (`manv`,`macd`);

--
-- Indexes for table `khach_hang`
--
ALTER TABLE `khach_hang`
  ADD PRIMARY KEY (`makh`);

--
-- Indexes for table `loai_xe`
--
ALTER TABLE `loai_xe`
  ADD PRIMARY KEY (`malx`);

--
-- Indexes for table `nhan_vien`
--
ALTER TABLE `nhan_vien`
  ADD PRIMARY KEY (`manv`);

--
-- Indexes for table `tinh`
--
ALTER TABLE `tinh`
  ADD PRIMARY KEY (`matinh`),
  ADD KEY `diadiem` (`tentinh`);

--
-- Indexes for table `tram_dung`
--
ALTER TABLE `tram_dung`
  ADD PRIMARY KEY (`matram`),
  ADD KEY `diachi` (`diachi`);

--
-- Indexes for table `tuyen_duong`
--
ALTER TABLE `tuyen_duong`
  ADD PRIMARY KEY (`matd`);

--
-- Indexes for table `ve_xe`
--
ALTER TABLE `ve_xe`
  ADD PRIMARY KEY (`mave`),
  ADD KEY `makh` (`tenkh`,`macd`,`maghe`);

--
-- Indexes for table `xe`
--
ALTER TABLE `xe`
  ADD PRIMARY KEY (`maxe`);

--
-- AUTO_INCREMENT for dumped tables
--

--
-- AUTO_INCREMENT for table `chuyen_di`
--
ALTER TABLE `chuyen_di`
  MODIFY `macd` int(10) UNSIGNED NOT NULL AUTO_INCREMENT, AUTO_INCREMENT=65;

--
-- AUTO_INCREMENT for table `ct_ghe`
--
ALTER TABLE `ct_ghe`
  MODIFY `mact` int(11) NOT NULL AUTO_INCREMENT, AUTO_INCREMENT=433;

--
-- AUTO_INCREMENT for table `datghe`
--
ALTER TABLE `datghe`
  MODIFY `madat` int(11) NOT NULL AUTO_INCREMENT, AUTO_INCREMENT=323;

--
-- AUTO_INCREMENT for table `ghe`
--
ALTER TABLE `ghe`
  MODIFY `maghe` int(11) UNSIGNED NOT NULL AUTO_INCREMENT, AUTO_INCREMENT=67;

--
-- AUTO_INCREMENT for table `hoa_don`
--
ALTER TABLE `hoa_don`
  MODIFY `mahd` int(10) UNSIGNED NOT NULL AUTO_INCREMENT, AUTO_INCREMENT=10;

--
-- AUTO_INCREMENT for table `khach_hang`
--
ALTER TABLE `khach_hang`
  MODIFY `makh` int(10) UNSIGNED NOT NULL AUTO_INCREMENT, AUTO_INCREMENT=111;

--
-- AUTO_INCREMENT for table `loai_xe`
--
ALTER TABLE `loai_xe`
  MODIFY `malx` int(10) UNSIGNED NOT NULL AUTO_INCREMENT, AUTO_INCREMENT=19;

--
-- AUTO_INCREMENT for table `nhan_vien`
--
ALTER TABLE `nhan_vien`
  MODIFY `manv` int(10) UNSIGNED NOT NULL AUTO_INCREMENT, AUTO_INCREMENT=5;

--
-- AUTO_INCREMENT for table `tinh`
--
ALTER TABLE `tinh`
  MODIFY `matinh` int(10) UNSIGNED NOT NULL AUTO_INCREMENT, AUTO_INCREMENT=62;

--
-- AUTO_INCREMENT for table `tram_dung`
--
ALTER TABLE `tram_dung`
  MODIFY `matram` int(10) UNSIGNED NOT NULL AUTO_INCREMENT, AUTO_INCREMENT=18;

--
-- AUTO_INCREMENT for table `tuyen_duong`
--
ALTER TABLE `tuyen_duong`
  MODIFY `matd` int(11) NOT NULL AUTO_INCREMENT, AUTO_INCREMENT=49;

--
-- AUTO_INCREMENT for table `ve_xe`
--
ALTER TABLE `ve_xe`
  MODIFY `mave` int(10) UNSIGNED NOT NULL AUTO_INCREMENT, AUTO_INCREMENT=143;

--
-- AUTO_INCREMENT for table `xe`
--
ALTER TABLE `xe`
  MODIFY `maxe` int(11) NOT NULL AUTO_INCREMENT, AUTO_INCREMENT=21;
COMMIT;

/*!40101 SET CHARACTER_SET_CLIENT=@OLD_CHARACTER_SET_CLIENT */;
/*!40101 SET CHARACTER_SET_RESULTS=@OLD_CHARACTER_SET_RESULTS */;
/*!40101 SET COLLATION_CONNECTION=@OLD_COLLATION_CONNECTION */;
